last_name,first_name,party,birthday,gender,type,state,govtrack_id,position
Brown,Sherrod,Democrat,11/9/1952,M,sen,OH,400050,f
Cantwell,Maria,Democrat,10/13/1958,F,sen,WA,300018,f
Cardin,Benjamin,Democrat,10/5/1943,M,sen,MD,400064,f
Carper,Thomas,Democrat,1/23/1947,M,sen,DE,300019,f
Casey,Robert,Democrat,4/13/1960,M,sen,PA,412246,f
Feinstein,Dianne,Democrat,6/22/1933,F,sen,CA,300043,f
Klobuchar,Amy,Democrat,5/25/1960,F,sen,MN,412242,f
McCaskill,Claire,Democrat,7/24/1953,F,sen,MO,412243,f
MenÃ©ndez,Robert,Democrat,1/1/1954,M,sen,NJ,400272,a
Nelson,Bill,Democrat,9/29/1942,M,sen,FL,300078,f
Stabenow,Debbie,Democrat,4/29/1950,F,sen,MI,300093,f
Tester,Jon,Democrat,8/21/1956,M,sen,MT,412244,f
Whitehouse,Sheldon,Democrat,10/20/1955,M,sen,RI,412247,f
Durbin,Richard,Democrat,11/21/1944,M,sen,IL,300038,f
Merkley,Jeff,Democrat,10/24/1956,M,sen,OR,412325,f
Reed,John,Democrat,11/12/1949,M,sen,RI,300081,f
Shaheen,Jeanne,Democrat,1/28/1947,F,sen,NH,412323,f
Udall,Tom,Democrat,5/18/1948,M,sen,NM,400413,f
Warner,Mark,Democrat,12/15/1954,M,sen,VA,412321,f
Gillibrand,Kirsten,Democrat,12/9/1966,F,sen,NY,412223,f
Franken,Alan,Democrat,5/21/1951,M,sen,MN,412378,f
Coons,Chris,Democrat,9/9/1963,M,sen,DE,412390,f
Manchin,Joe,Democrat,8/24/1947,M,sen,WV,412391,f
Baldwin,Tammy,Democrat,2/11/1962,F,sen,WI,400013,f
Bass,Karen,Democrat,10/3/1953,F,rep,CA,412404,f
Becerra,Xavier,Democrat,1/26/1958,M,rep,CA,400021,f
Bennet,Michael,Democrat,11/28/1964,M,sen,CO,412330,f
Bishop,Sanford,Democrat,2/4/1947,M,rep,GA,400030,f
Blumenauer,Earl,Democrat,8/16/1948,M,rep,OR,400033,f
Blumenthal,Richard,Democrat,2/13/1946,M,sen,CT,412490,f
Bordallo,Madeleine,Democrat,5/31/1933,F,rep,GU,400041,f
Boxer,Barbara,Democrat,11/11/1940,F,sen,CA,300011,f
Brady,Robert,Democrat,4/7/1945,M,rep,PA,400047,f
Brown,Corrine,Democrat,11/11/1946,F,rep,FL,400048,f
Butterfield,George,Democrat,4/27/1947,M,rep,NC,400616,f
Capps,Lois,Democrat,1/10/1938,F,rep,CA,400062,f
Capuano,Michael,Democrat,1/9/1952,M,rep,MA,400063,f
Carney,John,Democrat,5/20/1956,M,rep,DE,412407,f
Carson,AndrÃ©,Democrat,10/16/1974,M,rep,IN,412258,f
Castor,Kathy,Democrat,8/20/1966,F,rep,FL,412195,f
Chu,Judy,Democrat,7/7/1953,F,rep,CA,412379,f
Cicilline,David,Democrat,7/15/1961,M,rep,RI,412470,f
Clarke,Yvette,Democrat,11/21/1964,F,rep,NY,412221,f
Clay,Wm.,Democrat,7/27/1956,M,rep,MO,400074,f
Cleaver,Emanuel,Democrat,10/26/1944,M,rep,MO,400639,f
Clyburn,James,Democrat,7/21/1940,M,rep,SC,400075,f
Cohen,Steve,Democrat,5/24/1949,M,rep,TN,412236,f
Connolly,Gerald,Democrat,3/30/1950,M,rep,VA,412272,f
Conyers,John,Democrat,5/16/2029,M,rep,MI,400080,f
Cooper,Jim,Democrat,6/19/1954,M,rep,TN,400081,f
Costa,Jim,Democrat,4/13/1952,M,rep,CA,400618,f
Courtney,Joe,Democrat,4/6/1953,M,rep,CT,412193,f
Crowley,Joseph,Democrat,3/16/1962,M,rep,NY,400087,f
Cuellar,Henry,Democrat,9/19/1955,M,rep,TX,400657,f
Cummings,Elijah,Democrat,1/18/1951,M,rep,MD,400090,f
Davis,Danny,Democrat,9/6/1941,M,rep,IL,400093,f
Davis,Susan,Democrat,4/13/1944,F,rep,CA,400097,f
DeFazio,Peter,Democrat,5/27/1947,M,rep,OR,400100,f
DeGette,Diana,Democrat,7/29/1957,F,rep,CO,400101,f
DeLauro,Rosa,Democrat,3/2/1943,F,rep,CT,400103,f
Deutch,Theodore,Democrat,5/7/1966,M,rep,FL,412385,f
Doggett,Lloyd,Democrat,10/6/1946,M,rep,TX,400111,f
Donnelly,Joe,Democrat,9/28/1955,M,sen,IN,412205,f
Doyle,Michael,Democrat,8/5/1953,M,rep,PA,400114,f
Edwards,Donna,Democrat,6/28/1958,F,rep,MD,412263,f
Ellison,Keith,Democrat,8/4/1963,M,rep,MN,412215,f
Engel,Eliot,Democrat,2/18/1947,M,rep,NY,400122,f
Eshoo,Anna,Democrat,12/13/1942,F,rep,CA,400124,f
Farr,Sam,Democrat,7/4/1941,M,rep,CA,400129,f
Fattah,Chaka,Democrat,11/21/1956,M,rep,PA,400130,f
Fudge,Marcia,Democrat,10/29/1952,F,rep,OH,412327,f
Garamendi,John,Democrat,1/24/1945,M,rep,CA,412382,f
Green,Al,Democrat,9/1/1947,M,rep,TX,400653,f
Green,Gene,Democrat,10/17/1947,M,rep,TX,400160,f
Grijalva,RaÃºl,Democrat,2/19/1948,M,rep,AZ,400162,f
GutiÃ©rrez,Luis,Democrat,12/10/1953,M,rep,IL,400163,f
Hastings,Alcee,Democrat,9/5/1936,M,rep,FL,400170,f
Heinrich,Martin,Democrat,10/17/1971,M,sen,NM,412281,f
Higgins,Brian,Democrat,10/6/1959,M,rep,NY,400641,f
Himes,James,Democrat,7/5/1966,M,rep,CT,412282,f
Hinojosa,RubÃ©n,Democrat,8/20/1940,M,rep,TX,400179,f
Hirono,Mazie,Democrat,11/3/1947,F,sen,HI,412200,f
Honda,Michael,Democrat,6/27/1941,M,rep,CA,400185,f
Hoyer,Steny,Democrat,6/14/1939,M,rep,MD,400189,f
Israel,Steve,Democrat,5/30/1958,M,rep,NY,400195,f
Jackson Lee,Sheila,Democrat,1/12/1950,F,rep,TX,400199,f
Johnson,Eddie,Democrat,12/3/1935,F,rep,TX,400204,f
Johnson,Henry,Democrat,10/2/1954,M,rep,GA,412199,f
Kaptur,Marcy,Democrat,6/17/1946,F,rep,OH,400211,f
Keating,William,Democrat,9/6/1952,M,rep,MA,412435,f
Kind,Ron,Democrat,3/16/1963,M,rep,WI,400218,f
Langevin,James,Democrat,4/22/1964,M,rep,RI,400230,f
Larsen,Rick,Democrat,6/15/1965,M,rep,WA,400232,f
Larson,John,Democrat,7/22/1948,M,rep,CT,400233,f
Leahy,Patrick,Democrat,3/31/1940,M,sen,VT,300065,f
Lee,Barbara,Democrat,7/16/1946,F,rep,CA,400237,f
Levin,Sander,Democrat,9/6/1931,M,rep,MI,400238,f
Lewis,John,Democrat,2/21/1940,M,rep,GA,400240,f
Lipinski,Daniel,Democrat,7/15/1966,M,rep,IL,400630,f
Loebsack,David,Democrat,12/23/1952,M,rep,IA,412209,f
Lofgren,Zoe,Democrat,12/21/1947,F,rep,CA,400245,f
Lowey,Nita,Democrat,7/5/1937,F,rep,NY,400246,f
LujÃ¡n,Ben,Democrat,6/7/1972,M,rep,NM,412293,f
Lynch,Stephen,Democrat,3/31/1955,M,rep,MA,400249,f
Maloney,Carolyn,Democrat,2/19/1946,F,rep,NY,400251,f
Markey,Edward,Democrat,7/11/1946,M,sen,MA,400253,f
Matsui,Doris,Democrat,9/25/1944,F,rep,CA,400663,f
McCollum,Betty,Democrat,7/12/1954,F,rep,MN,400259,f
McDermott,Jim,Democrat,12/28/1936,M,rep,WA,400262,f
McGovern,James,Democrat,11/20/1959,M,rep,MA,400263,f
McNerney,Jerry,Democrat,6/18/1951,M,rep,CA,412189,f
Meeks,Gregory,Democrat,9/25/1953,M,rep,NY,400271,f
Mikulski,Barbara,Democrat,7/20/1936,F,sen,MD,300073,f
Moore,Gwen,Democrat,4/18/1951,F,rep,WI,400661,f
Murphy,Christopher,Democrat,8/3/1973,M,sen,CT,412194,f
Murray,Patty,Democrat,10/11/1950,F,sen,WA,300076,f
Nadler,Jerrold,Democrat,6/13/1947,M,rep,NY,400289,f
Napolitano,Grace,Democrat,12/4/1936,F,rep,CA,400290,f
Neal,Richard,Democrat,2/14/1949,M,rep,MA,400291,f
Norton,Eleanor,Democrat,6/13/1937,F,rep,DC,400295,f
Pallone,Frank,Democrat,10/30/1951,M,rep,NJ,400308,f
Pascrell,Bill,Democrat,1/25/1937,M,rep,NJ,400309,f
Pelosi,Nancy,Democrat,3/26/1940,F,rep,CA,400314,f
Perlmutter,Ed,Democrat,5/1/1953,M,rep,CO,412192,f
Peters,Gary,Democrat,12/1/1958,M,sen,MI,412305,f
Peterson,Collin,Democrat,6/29/1944,M,rep,MN,400316,f
Pierluisi,Pedro,Democrat,4/26/1959,M,rep,PR,412306,f
Pingree,Chellie,Democrat,4/2/1955,F,rep,ME,412307,f
Polis,Jared,Democrat,5/12/1975,M,rep,CO,412308,f
Price,David,Democrat,8/17/1940,M,rep,NC,400326,f
Quigley,Mike,Democrat,10/17/1958,M,rep,IL,412331,f
Rangel,Charles,Democrat,6/11/1930,M,rep,NY,400333,f
Reid,Harry,Democrat,12/2/1939,M,sen,NV,300082,f
Richmond,Cedric,Democrat,9/13/1973,M,rep,LA,412432,f
Roybal-Allard,Lucille,Democrat,6/12/1941,F,rep,CA,400347,f
Ruppersberger,C.,Democrat,1/31/1946,M,rep,MD,400349,f
Rush,Bobby,Democrat,11/23/1946,M,rep,IL,400350,f
Ryan,Tim,Democrat,7/16/1973,M,rep,OH,400352,f
Sanchez,Loretta,Democrat,1/7/1960,F,rep,CA,400356,f
Sarbanes,John,Democrat,5/22/1962,M,rep,MD,412212,f
Schakowsky,Janice,Democrat,5/26/1944,F,rep,IL,400360,f
Schiff,Adam,Democrat,6/22/1960,M,rep,CA,400361,f
Schrader,Kurt,Democrat,10/19/1951,M,rep,OR,412315,f
Schumer,Charles,Democrat,11/23/1950,M,sen,NY,300087,f
Scott,David,Democrat,6/27/1945,M,rep,GA,400363,f
Scott,Robert,Democrat,4/30/1947,M,rep,VA,400364,f
Serrano,JosÃ©,Democrat,10/24/1943,M,rep,NY,400366,f
Sewell,Terri,Democrat,1/1/1965,F,rep,AL,412396,f
Sherman,Brad,Democrat,10/24/1954,M,rep,CA,400371,f
Sires,Albio,Democrat,1/26/1951,M,rep,NJ,412186,f
Slaughter,Louise,Democrat,8/14/2029,F,rep,NY,400378,f
Smith,Adam,Democrat,6/15/1965,M,rep,WA,400379,f
Speier,Jackie,Democrat,5/14/1950,F,rep,CA,412259,f
SÃ¡nchez,Linda,Democrat,1/28/1969,F,rep,CA,400355,f
Thompson,Bennie,Democrat,1/28/1948,M,rep,MS,400402,f
Thompson,Mike,Democrat,1/24/1951,M,rep,CA,400403,f
Tonko,Paul,Democrat,6/18/1949,M,rep,NY,412319,f
Tsongas,Niki,Democrat,4/26/1946,F,rep,MA,412254,f
Van Hollen,Chris,Democrat,1/10/1959,M,rep,MD,400415,f
VelÃ¡zquez,Nydia,Democrat,3/28/1953,F,rep,NY,400416,f
Visclosky,Peter,Democrat,8/13/1949,M,rep,IN,400417,f
Walz,Timothy,Democrat,4/6/1964,M,rep,MN,412214,f
Wasserman Schultz,Debbie,Democrat,9/27/1966,F,rep,FL,400623,f
Waters,Maxine,Democrat,8/15/1938,F,rep,CA,400422,f
Welch,Peter,Democrat,5/2/1947,M,rep,VT,412239,f
Wilson,Frederica,Democrat,11/5/1942,F,rep,FL,412412,f
Wyden,Ron,Democrat,5/3/1949,M,sen,OR,300100,f
Yarmuth,John,Democrat,11/4/1947,M,rep,KY,412211,f
Hahn,Janice,Democrat,3/30/1952,F,rep,CA,412498,f
Bonamici,Suzanne,Democrat,10/14/1954,F,rep,OR,412501,f
DelBene,Suzan,Democrat,2/17/1962,F,rep,WA,412505,f
Payne,Donald,Democrat,12/17/1958,M,rep,NJ,412506,f
Schatz,Brian,Democrat,10/20/1972,M,sen,HI,412507,f
Foster,Bill,Democrat,10/7/1955,M,rep,IL,412257,f
Grayson,Alan,Democrat,3/13/1958,M,rep,FL,412276,f
Kirkpatrick,Ann,Democrat,3/24/1950,F,rep,AZ,412286,f
Titus,Dina,Democrat,5/23/1950,F,rep,NV,412318,f
Sinema,Kyrsten,Democrat,7/12/1976,F,rep,AZ,412509,f
Huffman,Jared,Democrat,2/18/1964,M,rep,CA,412511,f
Bera,Ami,Democrat,3/2/1965,M,rep,CA,412512,f
Swalwell,Eric,Democrat,11/16/1980,M,rep,CA,412514,f
Brownley,Julia,Democrat,8/28/1952,F,rep,CA,412516,f
CÃ¡rdenas,Tony,Democrat,3/31/1963,M,rep,CA,412517,f
Ruiz,Raul,Democrat,8/25/1972,M,rep,CA,412519,f
Takano,Mark,Democrat,12/10/1960,M,rep,CA,412520,f
Lowenthal,Alan,Democrat,3/8/1941,M,rep,CA,412521,f
Vargas,Juan,Democrat,3/7/1961,M,rep,CA,412522,f
Peters,Scott,Democrat,6/17/1958,M,rep,CA,412523,f
Esty,Elizabeth,Democrat,8/25/1959,F,rep,CT,412524,f
Murphy,Patrick,Democrat,3/30/1983,M,rep,FL,412527,f
Frankel,Lois,Democrat,5/16/1948,F,rep,FL,412529,f
Gabbard,Tulsi,Democrat,4/12/1981,F,rep,HI,412532,f
Duckworth,Tammy,Democrat,3/12/1968,F,rep,IL,412533,f
Bustos,Cheri,Democrat,10/17/1961,F,rep,IL,412537,f
Warren,Elizabeth,Democrat,6/22/1949,F,sen,MA,412542,f
Kennedy,Joseph,Democrat,10/4/1980,M,rep,MA,412543,f
Delaney,John,Democrat,4/16/1963,M,rep,MD,412544,f
Kildee,Daniel,Democrat,8/11/1958,M,rep,MI,412546,f
Nolan,Richard,Democrat,12/17/1943,M,rep,MN,408211,f
Heitkamp,Heidi,Democrat,10/30/1955,F,sen,ND,412554,f
Kuster,Ann,Democrat,9/5/1956,F,rep,NH,412557,f
Lujan Grisham,Michelle,Democrat,10/24/1959,F,rep,NM,412558,f
Meng,Grace,Democrat,10/1/1975,F,rep,NY,412560,f
Jeffries,Hakeem,Democrat,8/4/1970,M,rep,NY,412561,f
Maloney,Sean,Democrat,7/30/1966,M,rep,NY,412562,f
Beatty,Joyce,Democrat,3/12/1950,F,rep,OH,412565,f
Cartwright,Matthew,Democrat,5/1/1961,M,rep,PA,412571,f
O'Rourke,Beto,Democrat,9/26/1972,M,rep,TX,412575,f
Castro,Joaquin,Democrat,9/16/1974,M,rep,TX,412576,f
Veasey,Marc,Democrat,1/3/1971,M,rep,TX,412579,f
Vela,Filemon,Democrat,2/13/1963,M,rep,TX,412580,f
Kaine,Timothy,Democrat,2/26/1958,M,sen,VA,412582,f
Kilmer,Derek,Democrat,1/1/1974,M,rep,WA,412583,f
Heck,Denny,Democrat,7/29/1952,M,rep,WA,412584,f
Pocan,Mark,Democrat,8/14/1964,M,rep,WI,412585,f
Kelly,Robin,Democrat,4/30/1956,F,rep,IL,412595,f
Booker,Cory,Democrat,4/27/1969,M,sen,NJ,412598,f
Clark,Katherine,Democrat,7/17/1963,F,rep,MA,412600,f
Norcross,Donald,Democrat,12/13/1958,M,rep,NJ,412606,f
Adams,Alma,Democrat,5/27/1946,F,rep,NC,412607,f
Gallego,Ruben,Democrat,11/20/1979,M,rep,AZ,412612,f
DeSaulnier,Mark,Democrat,3/31/1952,M,rep,CA,412613,f
Aguilar,Pete,Democrat,6/19/1979,M,rep,CA,412615,f
Lieu,Ted,Democrat,3/29/1969,M,rep,CA,412616,f
Torres,Norma,Democrat,4/4/1965,F,rep,CA,412617,f
Graham,Gwen,Democrat,1/31/1963,F,rep,FL,412620,f
Takai,Mark,Democrat,7/1/1967,M,rep,HI,412626,f
Moulton,Seth,Democrat,10/24/1978,M,rep,MA,412632,f
Dingell,Debbie,Democrat,11/23/1953,F,rep,MI,412637,f
Lawrence,Brenda,Democrat,10/18/1954,F,rep,MI,412638,f
Ashford,Brad,Democrat,11/10/1949,M,rep,NE,412642,f
Watson Coleman,Bonnie,Democrat,2/6/1945,F,rep,NJ,412644,f
Rice,Kathleen,Democrat,2/15/1965,F,rep,NY,412647,f
Boyle,Brendan,Democrat,2/6/1977,M,rep,PA,412652,f
Beyer,Donald,Democrat,6/20/1950,M,rep,VA,412657,f
Plaskett,Stacey,Democrat,5/13/1966,F,rep,VI,412659,f
Sanders,Bernard,Independent,9/8/1941,M,sen,VT,400357,f
Sablan,Gregorio,Independent,1/19/1955,M,rep,MP,412312,f
King,Angus,Independent,3/31/1944,M,sen,ME,412545,f
Corker,Bob,Republican,8/24/1952,M,sen,TN,412248,f
Hatch,Orrin,Republican,3/22/1934,M,sen,UT,300052,a
Barrasso,John,Republican,7/21/1952,M,sen,WY,412251,a
Wicker,Roger,Republican,7/5/1951,M,sen,MS,400432,a
Alexander,Lamar,Republican,7/3/1940,M,sen,TN,300002,a
Cochran,Thad,Republican,12/7/1937,M,sen,MS,300023,a
Collins,Susan,Republican,12/7/1952,F,sen,ME,300025,f
Cornyn,John,Republican,2/2/1952,M,sen,TX,300027,a
Enzi,Michael,Republican,2/1/1944,M,sen,WY,300041,f
Graham,Lindsey,Republican,7/9/1955,M,sen,SC,300047,a
Inhofe,James,Republican,11/17/1934,M,sen,OK,300055,a
McConnell,Mitch,Republican,2/20/1942,M,sen,KY,300072,a
Risch,James,Republican,5/3/1943,M,sen,ID,412322,a
Roberts,Pat,Republican,4/20/1936,M,sen,KS,300083,f
Sessions,Jefferson,Republican,12/24/1946,M,sen,AL,300088,a
Aderholt,Robert,Republican,7/22/1965,M,rep,AL,400004,a
Amash,Justin,Republican,4/18/1980,M,rep,MI,412438,a
Ayotte,Kelly,Republican,6/27/1968,F,sen,NH,412493,a
Barletta,Lou,Republican,1/28/1956,M,rep,PA,412469,a
Barton,Joe,Republican,9/15/1949,M,rep,TX,400018,a
Benishek,Dan,Republican,4/20/1952,M,rep,MI,412436,a
Bilirakis,Gus,Republican,2/8/1963,M,rep,FL,412250,a
Bishop,Rob,Republican,7/13/1951,M,rep,UT,400029,a
Black,Diane,Republican,1/16/1951,F,rep,TN,412478,a
Blackburn,Marsha,Republican,6/6/1952,F,rep,TN,400032,a
Blunt,Roy,Republican,1/10/1950,M,sen,MO,400034,a
Boehner,John,Republican,11/17/1949,M,rep,OH,400036,a
Boozman,John,Republican,12/10/1950,M,sen,AR,400040,f
Boustany,Charles,Republican,2/21/1956,M,rep,LA,400636,a
Brady,Kevin,Republican,4/11/1955,M,rep,TX,400046,a
Brooks,Mo,Republican,4/29/1954,M,rep,AL,412395,a
Buchanan,Vern,Republican,5/8/1951,M,rep,FL,412196,a
Bucshon,Larry,Republican,5/31/1962,M,rep,IN,412427,a
Burgess,Michael,Republican,12/23/1950,M,rep,TX,400052,a
Burr,Richard,Republican,11/30/1955,M,sen,NC,400054,a
Calvert,Ken,Republican,6/8/1953,M,rep,CA,400057,a
Capito,Shelley,Republican,11/26/1953,F,sen,WV,400061,a
Carter,John,Republican,11/6/1941,M,rep,TX,400068,a
Cassidy,Bill,Republican,9/28/1957,M,sen,LA,412269,a
Chabot,Steve,Republican,1/22/1953,M,rep,OH,400071,a
Chaffetz,Jason,Republican,3/26/1967,M,rep,UT,412270,f
Coats,Daniel,Republican,5/16/1943,M,sen,IN,402675,a
Coffman,Mike,Republican,3/19/1955,M,rep,CO,412271,a
Cole,Tom,Republican,4/28/1949,M,rep,OK,400077,a
Conaway,K.,Republican,6/11/1948,M,rep,TX,400655,a
Crapo,Michael,Republican,5/20/1951,M,sen,ID,300030,a
Crawford,Eric,Republican,1/22/1966,M,rep,AR,412400,a
Crenshaw,Ander,Republican,9/1/1944,M,rep,FL,400086,a
Culberson,John,Republican,8/24/1956,M,rep,TX,400089,a
Denham,Jeff,Republican,7/29/1967,M,rep,CA,412403,a
Dent,Charles,Republican,5/24/1960,M,rep,PA,400648,a
DesJarlais,Scott,Republican,2/21/1964,M,rep,TN,412477,a
Diaz-Balart,Mario,Republican,9/25/1961,M,rep,FL,400108,a
Duffy,Sean,Republican,10/3/1971,M,rep,WI,412488,a
Duncan,Jeff,Republican,1/7/1966,M,rep,SC,412472,a
Duncan,John,Republican,7/21/1947,M,rep,TN,400116,a
Ellmers,Renee,Republican,2/9/1964,F,rep,NC,412457,a
Farenthold,Blake,Republican,12/12/1961,M,rep,TX,412482,a
Fincher,Stephen,Republican,2/7/1973,M,rep,TN,412479,a
Fitzpatrick,Michael,Republican,6/28/1963,M,rep,PA,400646,a
Flake,Jeff,Republican,12/31/1962,M,sen,AZ,400134,f
Fleischmann,Charles,Republican,10/11/1962,M,rep,TN,412476,a
Fleming,John,Republican,7/5/1951,M,rep,LA,412275,a
Flores,Bill,Republican,2/25/1954,M,rep,TX,412480,a
Forbes,J.,Republican,2/17/1952,M,rep,VA,400137,a
Fortenberry,Jeff,Republican,12/27/1960,M,rep,NE,400640,a
Foxx,Virginia,Republican,6/29/1943,F,rep,NC,400643,a
Franks,Trent,Republican,6/19/1957,M,rep,AZ,400141,a
Frelinghuysen,Rodney,Republican,4/29/1946,M,rep,NJ,400142,a
Gardner,Cory,Republican,8/22/1974,M,sen,CO,412406,a
Garrett,Scott,Republican,7/9/1959,M,rep,NJ,400145,a
Gibbs,Bob,Republican,6/14/1954,M,rep,OH,412463,a
Gibson,Christopher,Republican,5/13/1964,M,rep,NY,412453,a
Gohmert,Louie,Republican,8/18/1953,M,rep,TX,400651,a
Goodlatte,Bob,Republican,9/22/1952,M,rep,VA,400154,a
Gosar,Paul,Republican,11/22/1958,M,rep,AZ,412397,a
Gowdy,Trey,Republican,8/22/1964,M,rep,SC,412473,a
Granger,Kay,Republican,1/18/1943,F,rep,TX,400157,a
Grassley,Charles,Republican,9/17/1933,M,sen,IA,300048,a
Graves,Sam,Republican,11/7/1963,M,rep,MO,400158,a
Graves,Tom,Republican,2/3/1970,M,rep,GA,412388,a
Griffith,H.,Republican,3/15/1958,M,rep,VA,412485,a
Guthrie,Brett,Republican,2/18/1964,M,rep,KY,412278,a
Hanna,Richard,Republican,1/25/1951,M,rep,NY,412454,a
Harper,Gregg,Republican,6/1/1956,M,rep,MS,412280,a
Harris,Andy,Republican,1/25/1957,M,rep,MD,412434,a
Hartzler,Vicky,Republican,10/13/1960,F,rep,MO,412444,a
Heck,Joseph,Republican,10/30/1961,M,rep,NV,412446,a
Hensarling,Jeb,Republican,5/29/1957,M,rep,TX,400175,a
Herrera Beutler,Jaime,Republican,11/3/1978,F,rep,WA,412486,a
Hoeven,John,Republican,3/13/1957,M,sen,ND,412494,a
Huelskamp,Tim,Republican,11/11/1968,M,rep,KS,412429,a
Huizenga,Bill,Republican,1/31/1969,M,rep,MI,412437,a
Hultgren,Randy,Republican,3/1/1966,M,rep,IL,412422,a
Hunter,Duncan,Republican,12/7/1976,M,rep,CA,412283,a
Hurt,Robert,Republican,6/16/1969,M,rep,VA,412484,a
Isakson,John,Republican,12/28/1944,M,sen,GA,400194,a
Issa,Darrell,Republican,11/1/1953,M,rep,CA,400196,a
Jenkins,Lynn,Republican,6/10/1963,F,rep,KS,412284,a
Johnson,Bill,Republican,11/10/1954,M,rep,OH,412460,a
Johnson,Ron,Republican,4/8/1955,M,sen,WI,412496,a
Johnson,Sam,Republican,10/11/1930,M,rep,TX,400206,a
Jones,Walter,Republican,2/10/1943,M,rep,NC,400209,a
Jordan,Jim,Republican,2/17/1964,M,rep,OH,412226,a
Kelly,Mike,Republican,5/10/1948,M,rep,PA,412465,a
King,Peter,Republican,4/5/1944,M,rep,NY,400219,a
King,Steve,Republican,5/28/1949,M,rep,IA,400220,a
Kinzinger,Adam,Republican,2/27/1978,M,rep,IL,412421,a
Kirk,Mark,Republican,9/15/1959,M,sen,IL,400222,a
Kline,John,Republican,9/6/1947,M,rep,MN,400224,a
Labrador,RaÃºl,Republican,12/8/1967,M,rep,ID,412419,a
Lamborn,Doug,Republican,5/24/1954,M,rep,CO,412191,a
Lance,Leonard,Republican,6/25/1952,M,rep,NJ,412290,a
Lankford,James,Republican,3/4/1968,M,sen,OK,412464,a
Latta,Robert,Republican,4/18/1956,M,rep,OH,412256,a
Lee,Mike,Republican,6/4/1971,M,sen,UT,412495,a
LoBiondo,Frank,Republican,5/12/1946,M,rep,NJ,400244,a
Long,Billy,Republican,8/11/1955,M,rep,MO,412445,a
Lucas,Frank,Republican,1/6/1960,M,rep,OK,400247,a
Luetkemeyer,Blaine,Republican,5/7/1952,M,rep,MO,412292,a
Lummis,Cynthia,Republican,9/10/1954,F,rep,WY,412294,a
Marchant,Kenny,Republican,2/23/1951,M,rep,TX,400656,a
Marino,Tom,Republican,8/15/1952,M,rep,PA,412468,a
McCain,John,Republican,8/29/1936,M,sen,AZ,300071,a
McCarthy,Kevin,Republican,1/26/1965,M,rep,CA,412190,a
McCaul,Michael,Republican,1/14/1962,M,rep,TX,400654,a
McClintock,Tom,Republican,7/10/1956,M,rep,CA,412295,a
McHenry,Patrick,Republican,10/22/1975,M,rep,NC,400644,a
McKinley,David,Republican,3/28/1947,M,rep,WV,412487,a
McMorris Rodgers,Cathy,Republican,5/22/1969,F,rep,WA,400659,a
Meehan,Patrick,Republican,10/20/1955,M,rep,PA,412466,a
Mica,John,Republican,1/27/1943,M,rep,FL,400273,a
Miller,Candice,Republican,5/7/1954,F,rep,MI,400276,a
Miller,Jeff,Republican,6/27/1959,M,rep,FL,400279,a
Moran,Jerry,Republican,5/29/1954,M,sen,KS,400284,f
Mulvaney,Mick,Republican,7/21/1967,M,rep,SC,412474,a
Murkowski,Lisa,Republican,5/22/1957,F,sen,AK,300075,a
Murphy,Tim,Republican,9/11/1952,M,rep,PA,400285,a
Neugebauer,Randy,Republican,12/24/1949,M,rep,TX,400441,a
Noem,Kristi,Republican,11/30/1971,F,rep,SD,412475,a
Nugent,Richard,Republican,5/26/1951,M,rep,FL,412409,a
Nunes,Devin,Republican,10/1/1973,M,rep,CA,400297,a
Olson,Pete,Republican,12/9/1962,M,rep,TX,412302,a
Palazzo,Steven,Republican,2/21/1970,M,rep,MS,412443,a
Paul,Rand,Republican,1/7/1963,M,sen,KY,412492,f
Paulsen,Erik,Republican,5/14/1965,M,rep,MN,412303,a
Pearce,Stevan,Republican,8/24/1947,M,rep,NM,400313,a
Pitts,Joseph,Republican,10/10/1939,M,rep,PA,400320,a
Poe,Ted,Republican,9/10/1948,M,rep,TX,400652,a
Pompeo,Mike,Republican,12/30/1963,M,rep,KS,412431,a
Portman,Robert,Republican,12/19/1955,M,sen,OH,400325,a
Posey,Bill,Republican,12/18/1947,M,rep,FL,412309,a
Price,Tom,Republican,10/8/1954,M,rep,GA,400626,a
Reed,Tom,Republican,11/18/1971,M,rep,NY,412393,a
Reichert,David,Republican,8/29/1950,M,rep,WA,400660,a
Renacci,James,Republican,12/3/1958,M,rep,OH,412462,a
Ribble,Reid,Republican,4/5/1956,M,rep,WI,412489,a
Rigell,Edward,Republican,5/28/1960,M,rep,VA,412483,a
Roby,Martha,Republican,7/27/1976,F,rep,AL,412394,a
Roe,David,Republican,7/21/1945,M,rep,TN,412310,a
Rogers,Harold,Republican,12/31/1937,M,rep,KY,400340,a
Rogers,Mike,Republican,7/16/1958,M,rep,AL,400341,a
Rohrabacher,Dana,Republican,6/21/1947,M,rep,CA,400343,a
Rokita,Todd,Republican,2/9/1970,M,rep,IN,412426,a
Rooney,Thomas,Republican,11/21/1970,M,rep,FL,412311,a
Ros-Lehtinen,Ileana,Republican,7/15/1952,F,rep,FL,400344,a
Roskam,Peter,Republican,9/13/1961,M,rep,IL,412202,a
Ross,Dennis,Republican,10/18/1959,M,rep,FL,412411,a
Royce,Edward,Republican,10/12/1951,M,rep,CA,400348,a
Rubio,Marco,Republican,5/28/1971,M,sen,FL,412491,a
Ryan,Paul,Republican,1/29/1970,M,rep,WI,400351,a
Scalise,Steve,Republican,10/6/1965,M,rep,LA,412261,a
Schweikert,David,Republican,3/3/1962,M,rep,AZ,412399,a
Scott,Austin,Republican,12/10/1969,M,rep,GA,412417,a
Scott,Tim,Republican,9/19/1965,M,sen,SC,412471,a
Sensenbrenner,F.,Republican,6/14/1943,M,rep,WI,400365,a
Sessions,Pete,Republican,3/22/1955,M,rep,TX,400367,a
Shelby,Richard,Republican,5/6/1934,M,sen,AL,300089,a
Shimkus,John,Republican,2/21/1958,M,rep,IL,400373,a
Shuster,Bill,Republican,1/10/1961,M,rep,PA,409888,a
Simpson,Michael,Republican,9/8/1950,M,rep,ID,400376,a
Smith,Adrian,Republican,12/19/1970,M,rep,NE,412217,a
Smith,Christopher,Republican,3/4/1953,M,rep,NJ,400380,a
Smith,Lamar,Republican,11/19/1947,M,rep,TX,400381,a
Stivers,Steve,Republican,3/24/1965,M,rep,OH,412461,a
Stutzman,Marlin,Republican,8/31/1976,M,rep,IN,412392,a
Thompson,Glenn,Republican,7/27/1959,M,rep,PA,412317,a
Thornberry,Mac,Republican,7/15/1958,M,rep,TX,400404,a
Thune,John,Republican,1/7/1961,M,sen,SD,400546,a
Tiberi,Patrick,Republican,10/21/1962,M,rep,OH,400406,a
Tipton,Scott,Republican,11/9/1956,M,rep,CO,412405,a
Toomey,Patrick,Republican,11/17/1961,M,sen,PA,400408,a
Turner,Michael,Republican,1/11/1960,M,rep,OH,400411,a
Upton,Fred,Republican,4/23/1953,M,rep,MI,400414,a
Vitter,David,Republican,5/3/1961,M,sen,LA,400418,a
Walberg,Tim,Republican,4/12/1951,M,rep,MI,412213,a
Walden,Greg,Republican,1/10/1957,M,rep,OR,400419,a
Webster,Daniel,Republican,4/27/1949,M,rep,FL,412410,a
Westmoreland,Lynn,Republican,4/2/1950,M,rep,GA,400627,a
Whitfield,Ed,Republican,5/25/1943,M,rep,KY,400431,a
Wilson,Joe,Republican,7/31/1947,M,rep,SC,400433,a
Wittman,Robert,Republican,2/3/1959,M,rep,VA,412255,a
Womack,Steve,Republican,2/18/1957,M,rep,AR,412402,a
Woodall,Rob,Republican,2/11/1970,M,rep,GA,412416,a
Yoder,Kevin,Republican,1/8/1976,M,rep,KS,412430,a
Young,Don,Republican,6/9/1933,M,rep,AK,400440,a
Young,Todd,Republican,8/24/1972,M,rep,IN,412428,a
Heller,Dean,Republican,5/10/1960,M,sen,NV,412218,a
Amodei,Mark,Republican,6/12/1958,M,rep,NV,412500,a
Massie,Thomas,Republican,1/13/1971,M,rep,KY,412503,a
Salmon,Matt,Republican,1/21/1958,M,rep,AZ,400606,a
Cotton,Tom,Republican,5/13/1977,M,sen,AR,412508,a
LaMalfa,Doug,Republican,7/2/1960,M,rep,CA,412510,a
Cook,Paul,Republican,3/3/1943,M,rep,CA,412513,a
Valadao,David,Republican,4/14/1977,M,rep,CA,412515,a
Yoho,Ted,Republican,4/13/1955,M,rep,FL,412525,a
DeSantis,Ron,Republican,9/14/1978,M,rep,FL,412526,a
Collins,Doug,Republican,8/16/1966,M,rep,GA,412531,a
Davis,Rodney,Republican,1/5/1970,M,rep,IL,412536,a
Walorski,Jackie,Republican,8/17/1963,F,rep,IN,412538,a
Brooks,Susan,Republican,8/25/1960,F,rep,IN,412539,a
Messer,Luke,Republican,2/27/1969,M,rep,IN,412540,a
Barr,Garland,Republican,7/24/1973,M,rep,KY,412541,a
Wagner,Ann,Republican,9/13/1962,F,rep,MO,412548,a
Daines,Steve,Republican,8/20/1962,M,sen,MT,412549,a
Hudson,Richard,Republican,11/4/1971,M,rep,NC,412550,a
Pittenger,Robert,Republican,8/15/1948,M,rep,NC,412551,a
Meadows,Mark,Republican,7/28/1959,M,rep,NC,412552,a
Holding,George,Republican,4/17/1968,M,rep,NC,412553,a
Cramer,Kevin,Republican,1/21/1961,M,rep,ND,412555,a
Fischer,Deb,Republican,3/1/1951,F,sen,NE,412556,a
Collins,Chris,Republican,5/20/1950,M,rep,NY,412563,a
Wenstrup,Brad,Republican,6/17/1958,M,rep,OH,412564,a
Joyce,David,Republican,3/17/1957,M,rep,OH,412566,a
Bridenstine,Jim,Republican,6/15/1975,M,rep,OK,412567,a
Mullin,Markwayne,Republican,7/26/1977,M,rep,OK,412568,a
Perry,Scott,Republican,5/27/1962,M,rep,PA,412569,a
Rothfus,Keith,Republican,4/25/1962,M,rep,PA,412570,a
Rice,Tom,Republican,8/4/1957,M,rep,SC,412572,a
Cruz,Ted,Republican,12/22/1970,M,sen,TX,412573,a
Weber,Randy,Republican,7/2/1953,M,rep,TX,412574,a
Williams,Roger,Republican,9/13/1949,M,rep,TX,412578,a
Stewart,Chris,Republican,7/15/1960,M,rep,UT,412581,a
Sanford,Marshall,Republican,5/28/1960,M,rep,SC,400607,f
Smith,Jason,Republican,6/16/1980,M,rep,MO,412596,a
Byrne,Bradley,Republican,2/16/1955,M,rep,AL,412601,a
Jolly,David,Republican,10/31/1972,M,rep,FL,412603,a
Clawson,Curtis,Republican,9/28/1959,M,rep,FL,412604,a
Brat,David,Republican,7/27/1964,M,rep,VA,412605,a
Dold,Bob,Republican,6/23/1969,M,rep,IL,412420,a
Guinta,Frank,Republican,9/26/1970,M,rep,NH,412447,a
Palmer,Gary,Republican,5/14/1954,M,rep,AL,412608,a
Hill,French,Republican,12/5/1956,M,rep,AR,412609,a
Westerman,Bruce,Republican,11/18/1967,M,rep,AR,412610,a
McSally,Martha,Republican,3/22/1966,F,rep,AZ,412611,a
Knight,Steve,Republican,12/17/1966,M,rep,CA,412614,a
Walters,Mimi,Republican,5/14/1962,F,rep,CA,412618,a
Buck,Ken,Republican,2/16/1959,M,rep,CO,412619,a
Curbelo,Carlos,Republican,3/1/1980,M,rep,FL,412621,a
Carter,Buddy,Republican,9/6/1957,M,rep,GA,412622,a
Hice,Jody,Republican,4/22/1960,M,rep,GA,412623,a
Loudermilk,Barry,Republican,12/22/1963,M,rep,GA,412624,a
Allen,Rick,Republican,11/7/1951,M,rep,GA,412625,a
Blum,Rod,Republican,4/26/1955,M,rep,IA,412627,a
Young,David,Republican,5/11/1968,M,rep,IA,412628,a
Bost,Mike,Republican,12/30/1960,M,rep,IL,412629,a
Abraham,Ralph,Republican,9/16/1954,M,rep,LA,412630,a
Graves,Garret,Republican,1/31/1972,M,rep,LA,412631,a
Poliquin,Bruce,Republican,11/1/1953,M,rep,ME,412633,a
Moolenaar,John,Republican,5/8/1961,M,rep,MI,412634,a
Bishop,Mike,Republican,3/18/1967,M,rep,MI,412635,a
Trott,Dave,Republican,10/16/1960,M,rep,MI,412636,a
Emmer,Tom,Republican,3/3/1961,M,rep,MN,412639,a
Zinke,Ryan,Republican,11/1/1961,M,rep,MT,412640,a
Rouzer,David,Republican,2/16/1972,M,rep,NC,412641,a
MacArthur,Tom,Republican,10/16/1960,M,rep,NJ,412643,a
Hardy,Cresent,Republican,6/23/1957,M,rep,NV,412645,a
Zeldin,Lee,Republican,1/30/1980,M,rep,NY,412646,a
Stefanik,Elise,Republican,7/2/1984,F,rep,NY,412648,a
Katko,John,Republican,11/9/1962,M,rep,NY,412649,a
Russell,Steve,Republican,5/25/1963,M,rep,OK,412650,a
Costello,Ryan,Republican,9/7/1976,M,rep,PA,412651,a
Ratcliffe,John,Republican,10/20/1965,M,rep,TX,412653,a
Hurd,Will,Republican,8/19/1977,M,rep,TX,412654,a
Babin,Brian,Republican,3/23/1948,M,rep,TX,412655,a
Love,Mia,Republican,12/6/1975,F,rep,UT,412656,a
Comstock,Barbara,Republican,6/30/1959,F,rep,VA,412658,a
Newhouse,Dan,Republican,7/10/1955,M,rep,WA,412660,a
Grothman,Glenn,Republican,7/3/1955,M,rep,WI,412661,a
Mooney,Alex,Republican,6/5/1971,M,rep,WV,412662,a
Jenkins,Evan,Republican,9/12/1960,M,rep,WV,412663,a
Amata,Aumua,Republican,12/29/1947,F,rep,AS,412664,a
Sullivan,Dan,Republican,11/13/1964,M,sen,AK,412665,a
Perdue,David,Republican,12/10/1949,M,sen,GA,412666,a
Ernst,Joni,Republican,7/1/1970,F,sen,IA,412667,a
Tillis,Thom,Republican,8/30/1960,M,sen,NC,412668,a
Rounds,Mike,Republican,10/24/1954,M,sen,SD,412669,a
Walker,Bradley,Republican,5/20/1969,M,rep,NC,412670,a
Sasse,Benjamin,Republican,2/22/1972,M,sen,NE,412671,a
