last_name,first_name,type,state,party,twitter,govtrack_id,position
Brown,Sherrod,sen,OH,Democrat,SenSherrodBrown,400050,f
Cantwell,Maria,sen,WA,Democrat,CantwellPress,300018,a
Cardin,Benjamin,sen,MD,Democrat,SenatorCardin,400064,f
Carper,Thomas,sen,DE,Democrat,SenatorCarper,300019,a
Casey,Robert,sen,PA,Democrat,SenBobCasey,412246,f
Corker,Bob,sen,TN,Republican,SenBobCorker,412248,a
Feinstein,Dianne,sen,CA,Democrat,SenFeinstein,300043,a
Hatch,Orrin,sen,UT,Republican,SenOrrinHatch,300052,a
Klobuchar,Amy,sen,MN,Democrat,,412242,f
McCaskill,Claire,sen,MO,Democrat,McCaskillOffice,412243,f
Menéndez,Robert,sen,NJ,Democrat,SenatorMenendez,400272,f
Nelson,Bill,sen,FL,Democrat,SenBillNelson,300078,f
Sanders,Bernard,sen,VT,Independent,SenSanders,400357,f
Stabenow,Debbie,sen,MI,Democrat,SenStabenow,300093,a
Tester,Jon,sen,MT,Democrat,SenatorTester,412244,a
Whitehouse,Sheldon,sen,RI,Democrat,SenWhitehouse,412247,f
Barrasso,John,sen,WY,Republican,SenJohnBarrasso,412251,a
Wicker,Roger,sen,MS,Republican,SenatorWicker,400432,f
Alexander,Lamar,sen,TN,Republican,SenAlexander,300002,a
Cochran,Thad,sen,MS,Republican,SenThadCochran,300023,f
Collins,Susan,sen,ME,Republican,SenatorCollins,300025,f
Cornyn,John,sen,TX,Republican,JohnCornyn,300027,f
Durbin,Richard,sen,IL,Democrat,SenatorDurbin,300038,f
Enzi,Michael,sen,WY,Republican,SenatorEnzi,300041,f
Graham,Lindsey,sen,SC,Republican,GrahamBlog,300047,f
Inhofe,James,sen,OK,Republican,InhofePress,300055,f
McConnell,Mitch,sen,KY,Republican,McConnellPress,300072,f
Merkley,Jeff,sen,OR,Democrat,SenJeffMerkley,412325,f
Reed,John,sen,RI,Democrat,SenJackReed,300081,a
Risch,James,sen,ID,Republican,SenatorRisch,412322,a
Roberts,Pat,sen,KS,Republican,SenPatRoberts,300083,a
Sessions,Jefferson,sen,AL,Republican,SenatorSessions,300088,a
Shaheen,Jeanne,sen,NH,Democrat,SenatorShaheen,412323,a
Udall,Tom,sen,NM,Democrat,SenatorTomUdall,400413,a
Warner,Mark,sen,VA,Democrat,MarkWarner,412321,f
Gillibrand,Kirsten,sen,NY,Democrat,,412223,f
Franken,Alan,sen,MN,Democrat,,412378,f
Coons,Chris,sen,DE,Democrat,SenCoonsOffice,412390,f
Manchin,Joe,sen,WV,Democrat,Sen_JoeManchin,412391,f
Aderholt,Robert,rep,AL,Republican,Robert_Aderholt,400004,f
Amash,Justin,rep,MI,Republican,,412438,a
Ayotte,Kelly,sen,NH,Republican,,412493,a
Baldwin,Tammy,sen,WI,Democrat,SenatorBaldwin,400013,a
Barletta,Lou,rep,PA,Republican,RepLouBarletta,412469,a
Barton,Joe,rep,TX,Republican,RepJoeBarton,400018,a
Bass,Karen,rep,CA,Democrat,RepKarenBass,412404,a
Becerra,Xavier,rep,CA,Democrat,RepBecerra,400021,f
Benishek,Dan,rep,MI,Republican,CongressmanDan,412436,a
Bennet,Michael,sen,CO,Democrat,SenBennetCo,412330,f
Bilirakis,Gus,rep,FL,Republican,RepGusBilirakis,412250,a
Bishop,Rob,rep,UT,Republican,RepRobBishop,400029,f
Bishop,Sanford,rep,GA,Democrat,SanfordBishop,400030,a
Black,Diane,rep,TN,Republican,RepDianeBlack,412478,a
Blackburn,Marsha,rep,TN,Republican,MarshaBlackburn,400032,a
Blumenauer,Earl,rep,OR,Democrat,BlumenauerMedia,400033,f
Blumenthal,Richard,sen,CT,Democrat,SenBlumenthal,412490,f
Blunt,Roy,sen,MO,Republican,RoyBlunt,400034,f
Boehner,John,rep,OH,Republican,SpeakerBoehner,400036,f
Boozman,John,sen,AR,Republican,JohnBoozman,400040,f
Bordallo,Madeleine,rep,GU,Democrat,,400041,a
Boustany,Charles,rep,LA,Republican,RepBoustany,400636,a
Boxer,Barbara,sen,CA,Democrat,SenatorBoxer,300011,f
Brady,Kevin,rep,TX,Republican,RepKevinBrady,400046,a
Brady,Robert,rep,PA,Democrat,RepBrady,400047,f
Brooks,Mo,rep,AL,Republican,RepMoBrooks,412395,a
Brown,Corrine,rep,FL,Democrat,RepCorrineBrown,400048,f
Buchanan,Vern,rep,FL,Republican,VernBuchanan,412196,f
Bucshon,Larry,rep,IN,Republican,RepLarryBucshon,412427,f
Burgess,Michael,rep,TX,Republican,MichaelCBurgess,400052,f
Burr,Richard,sen,NC,Republican,SenatorBurr,400054,f
Butterfield,George,rep,NC,Democrat,GKButterfield,400616,f
Calvert,Ken,rep,CA,Republican,KenCalvert,400057,f
Capito,Shelley,sen,WV,Republican,SenCapito,400061,f
Capps,Lois,rep,CA,Democrat,RepLoisCapps,400062,f
Capuano,Michael,rep,MA,Democrat,,400063,a
Carney,John,rep,DE,Democrat,JohnCarneyde,412407,a
Carson,André,rep,IN,Democrat,RepAndreCarson,412258,a
Carter,John,rep,TX,Republican,JudgeCarter,400068,a
Cassidy,Bill,sen,LA,Republican,,412269,a
Castor,Kathy,rep,FL,Democrat,USRepKCastor,412195,a
Chabot,Steve,rep,OH,Republican,RepSteveChabot,400071,f
Chaffetz,Jason,rep,UT,Republican,JasonInTheHouse,412270,f
Chu,Judy,rep,CA,Democrat,RepJudyChu,412379,f
Cicilline,David,rep,RI,Democrat,RepCicilline,412470,f
Clarke,Yvette,rep,NY,Democrat,YvetteClarke,412221,f
Clay,Wm.,rep,MO,Democrat,,400074,f
Cleaver,Emanuel,rep,MO,Democrat,RepCleaver,400639,a
Clyburn,James,rep,SC,Democrat,Clyburn,400075,a
Coats,Daniel,sen,IN,Republican,SenDanCoats,402675,a
Coffman,Mike,rep,CO,Republican,RepMikeCoffman,412271,a
Cohen,Steve,rep,TN,Democrat,RepCohen,412236,a
Cole,Tom,rep,OK,Republican,TomColeOK04,400077,a
Conaway,K.,rep,TX,Republican,ConawayTX11,400655,f
Connolly,Gerald,rep,VA,Democrat,GerryConnolly,412272,a
Conyers,John,rep,MI,Democrat,RepJohnConyers,400080,f
Cooper,Jim,rep,TN,Democrat,RepJimCooper,400081,a
Costa,Jim,rep,CA,Democrat,RepJimCosta,400618,f
Courtney,Joe,rep,CT,Democrat,RepJoeCourtney,412193,a
Crapo,Michael,sen,ID,Republican,MikeCrapo,300030,a
Crawford,Eric,rep,AR,Republican,RepRickCrawford,412400,a
Crenshaw,Ander,rep,FL,Republican,AnderCrenshaw,400086,f
Crowley,Joseph,rep,NY,Democrat,RepJoeCrowley,400087,f
Cuellar,Henry,rep,TX,Democrat,RepCuellar,400657,f
Culberson,John,rep,TX,Republican,CongCulberson,400089,f
Cummings,Elijah,rep,MD,Democrat,RepCummings,400090,f
Davis,Danny,rep,IL,Democrat,RepDannyDavis,400093,a
Davis,Susan,rep,CA,Democrat,RepSusanDavis,400097,a
DeFazio,Peter,rep,OR,Democrat,RepPeterDeFazio,400100,f
DeGette,Diana,rep,CO,Democrat,RepDianaDeGette,400101,a
DeLauro,Rosa,rep,CT,Democrat,RosaDeLauro,400103,f
Denham,Jeff,rep,CA,Republican,RepJeffDenham,412403,a
Dent,Charles,rep,PA,Republican,,400648,f
DesJarlais,Scott,rep,TN,Republican,DesJarlaisTN04,412477,f
Deutch,Theodore,rep,FL,Democrat,RepTedDeutch,412385,f
Diaz-Balart,Mario,rep,FL,Republican,MarioDB,400108,f
Doggett,Lloyd,rep,TX,Democrat,RepLloydDoggett,400111,f
Donnelly,Joe,sen,IN,Democrat,SenDonnelly,412205,f
Doyle,Michael,rep,PA,Democrat,USRepMikeDoyle,400114,f
Duffy,Sean,rep,WI,Republican,RepSeanDuffy,412488,f
Duncan,Jeff,rep,SC,Republican,RepJeffDuncan,412472,f
Duncan,John,rep,TN,Republican,RepJohnDuncanJr,400116,a
Edwards,Donna,rep,MD,Democrat,RepDonnaEdwards,412263,a
Ellison,Keith,rep,MN,Democrat,KeithEllison,412215,a
Ellmers,Renee,rep,NC,Republican,RepReneeEllmers,412457,a
Engel,Eliot,rep,NY,Democrat,RepEliotEngel,400122,a
Eshoo,Anna,rep,CA,Democrat,RepAnnaEshoo,400124,a
Farenthold,Blake,rep,TX,Republican,Farenthold,412482,f
Farr,Sam,rep,CA,Democrat,RepSamFarr,400129,f
Fattah,Chaka,rep,PA,Democrat,ChakaFattah,400130,f
Fincher,Stephen,rep,TN,Republican,RepFincherTN08,412479,f
Fitzpatrick,Michael,rep,PA,Republican,RepFitzpatrick,400646,f
Flake,Jeff,sen,AZ,Republican,JeffFlake,400134,f
Fleischmann,Charles,rep,TN,Republican,RepChuck,412476,a
Fleming,John,rep,LA,Republican,RepFleming,412275,a
Flores,Bill,rep,TX,Republican,RepBillFlores,412480,a
Forbes,J.,rep,VA,Republican,Randy_Forbes,400137,a
Fortenberry,Jeff,rep,NE,Republican,JeffFortenberry,400640,a
Foxx,Virginia,rep,NC,Republican,VirginiaFoxx,400643,a
Franks,Trent,rep,AZ,Republican,RepTrentFranks,400141,f
Frelinghuysen,Rodney,rep,NJ,Republican,USRepRodney,400142,a
Fudge,Marcia,rep,OH,Democrat,RepMarciaFudge,412327,f
Garamendi,John,rep,CA,Democrat,RepGaramendi,412382,a
Gardner,Cory,sen,CO,Republican,SenCoryGardner,412406,f
Garrett,Scott,rep,NJ,Republican,RepGarrett,400145,a
Gibbs,Bob,rep,OH,Republican,RepBobGibbs,412463,a
Gibson,Christopher,rep,NY,Republican,RepChrisGibson,412453,a
Gohmert,Louie,rep,TX,Republican,RepLouieGohmert,400651,f
Goodlatte,Bob,rep,VA,Republican,RepGoodlatte,400154,f
Gosar,Paul,rep,AZ,Republican,RepGosar,412397,f
Gowdy,Trey,rep,SC,Republican,TGowdySC,412473,f
Granger,Kay,rep,TX,Republican,RepKayGranger,400157,f
Grassley,Charles,sen,IA,Republican,ChuckGrassley,300048,a
Graves,Sam,rep,MO,Republican,RepSamGraves,400158,a
Graves,Tom,rep,GA,Republican,RepTomGraves,412388,f
Green,Al,rep,TX,Democrat,RepAlGreen,400653,a
Green,Gene,rep,TX,Democrat,RepGeneGreen,400160,f
Griffith,H.,rep,VA,Republican,RepMGriffith,412485,a
Grijalva,Raúl,rep,AZ,Democrat,RepraulGrijalva,400162,f
Guthrie,Brett,rep,KY,Republican,RepGuthrie,412278,f
Gutiérrez,Luis,rep,IL,Democrat,LuisGutierrez,400163,f
Hanna,Richard,rep,NY,Republican,RepRichardHanna,412454,f
Harper,Gregg,rep,MS,Republican,GreggHarper,412280,f
Harris,Andy,rep,MD,Republican,RepAndyHarrisMD,412434,f
Hartzler,Vicky,rep,MO,Republican,RepHartzler,412444,f
Hastings,Alcee,rep,FL,Democrat,RepHastingsFL,400170,f
Heck,Joseph,rep,NV,Republican,RepJoeHeck,412446,f
Heinrich,Martin,sen,NM,Democrat,MartinHeinrich,412281,a
Hensarling,Jeb,rep,TX,Republican,RepHensarling,400175,a
Herrera Beutler,Jaime,rep,WA,Republican,HerreraBeutler,412486,a
Higgins,Brian,rep,NY,Democrat,RepBrianHiggins,400641,a
Himes,James,rep,CT,Democrat,JAHimes,412282,a
Hinojosa,Rubén,rep,TX,Democrat,USRepRHinojosa,400179,a
Hirono,Mazie,sen,HI,Democrat,MazieHirono,412200,f
Hoeven,John,sen,ND,Republican,SenJohnHoeven,412494,f
Honda,Michael,rep,CA,Democrat,RepMikeHonda,400185,f
Hoyer,Steny,rep,MD,Democrat,WhipHoyer,400189,f
Huelskamp,Tim,rep,KS,Republican,CongHuelskamp,412429,f
Huizenga,Bill,rep,MI,Republican,RepHuizenga,412437,f
Hultgren,Randy,rep,IL,Republican,RepHultgren,412422,a
Hunter,Duncan,rep,CA,Republican,Rep_Hunter,412283,a
Hurt,Robert,rep,VA,Republican,RepRobertHurt,412484,a
Isakson,John,sen,GA,Republican,SenatorIsakson,400194,a
Israel,Steve,rep,NY,Democrat,RepSteveIsrael,400195,a
Issa,Darrell,rep,CA,Republican,DarrellIssa,400196,a
Jackson Lee,Sheila,rep,TX,Democrat,JacksonLeeTX18,400199,f
Jenkins,Lynn,rep,KS,Republican,RepLynnJenkins,412284,a
Johnson,Bill,rep,OH,Republican,RepBillJohnson,412460,f
Johnson,Eddie,rep,TX,Democrat,RepEBJ,400204,a
Johnson,Henry,rep,GA,Democrat,RepHankJohnson,412199,f
Johnson,Ron,sen,WI,Republican,SenRonJohnson,412496,a
Johnson,Sam,rep,TX,Republican,SamsPressShop,400206,a
Jones,Walter,rep,NC,Republican,RepWalterJones,400209,a
Jordan,Jim,rep,OH,Republican,Jim_Jordan,412226,f
Kaptur,Marcy,rep,OH,Democrat,RepMarcyKaptur,400211,f
Keating,William,rep,MA,Democrat,USRepKeating,412435,f
Kelly,Mike,rep,PA,Republican,MikeKellyPA,412465,f
Kind,Ron,rep,WI,Democrat,RepRonKind,400218,f
King,Peter,rep,NY,Republican,RepPeteKing,400219,a
King,Steve,rep,IA,Republican,SteveKingIA,400220,a
Kinzinger,Adam,rep,IL,Republican,RepKinzinger,412421,f
Kirk,Mark,sen,IL,Republican,SenatorKirk,400222,a
Kline,John,rep,MN,Republican,RepJohnKline,400224,f
Labrador,Raúl,rep,ID,Republican,Raul_Labrador,412419,a
Lamborn,Doug,rep,CO,Republican,RepDLamborn,412191,f
Lance,Leonard,rep,NJ,Republican,RepLanceNJ7,412290,f
Langevin,James,rep,RI,Democrat,JimLangevin,400230,f
Lankford,James,sen,OK,Republican,SenatorLankford,412464,f
Larsen,Rick,rep,WA,Democrat,RepRickLarsen,400232,f
Larson,John,rep,CT,Democrat,RepJohnLarson,400233,f
Latta,Robert,rep,OH,Republican,BobLatta,412256,f
Leahy,Patrick,sen,VT,Democrat,SenatorLeahy,300065,f
Lee,Barbara,rep,CA,Democrat,RepBarbaraLee,400237,f
Lee,Mike,sen,UT,Republican,SenMikeLee,412495,a
Levin,Sander,rep,MI,Democrat,RepSandyLevin,400238,a
Lewis,John,rep,GA,Democrat,RepJohnLewis,400240,a
Lipinski,Daniel,rep,IL,Democrat,RepLipinski,400630,a
LoBiondo,Frank,rep,NJ,Republican,RepLoBiondo,400244,a
Loebsack,David,rep,IA,Democrat,DaveLoebsack,412209,a
Lofgren,Zoe,rep,CA,Democrat,RepZoeLofgren,400245,f
Long,Billy,rep,MO,Republican,USRepLong,412445,f
Lowey,Nita,rep,NY,Democrat,NitaLowey,400246,f
Lucas,Frank,rep,OK,Republican,RepFrankLucas,400247,f
Luetkemeyer,Blaine,rep,MO,Republican,RepBlainePress,412292,f
Luján,Ben,rep,NM,Democrat,RepBenRayLujan,412293,f
Lummis,Cynthia,rep,WY,Republican,CynthiaLummis,412294,a
Lynch,Stephen,rep,MA,Democrat,RepStephenLynch,400249,a
Maloney,Carolyn,rep,NY,Democrat,RepMaloney,400251,a
Marchant,Kenny,rep,TX,Republican,RepKenMarchant,400656,a
Marino,Tom,rep,PA,Republican,RepTomMarino,412468,a
Markey,Edward,sen,MA,Democrat,MarkeyMemo,400253,a
Matsui,Doris,rep,CA,Democrat,DorisMatsui,400663,f
McCain,John,sen,AZ,Republican,SenJohnMcCain,300071,a
McCarthy,Kevin,rep,CA,Republican,GOPLeader,412190,f
McCaul,Michael,rep,TX,Republican,McCaulPressShop,400654,a
McClintock,Tom,rep,CA,Republican,RepMcClintock,412295,f
McCollum,Betty,rep,MN,Democrat,BettyMcCollum04,400259,a
McDermott,Jim,rep,WA,Democrat,RepJimMcDermott,400262,a
McGovern,James,rep,MA,Democrat,RepMcGovern,400263,a
McHenry,Patrick,rep,NC,Republican,PatrickMcHenry,400644,f
McKinley,David,rep,WV,Republican,RepMcKinley,412487,f
McMorris Rodgers,Cathy,rep,WA,Republican,CathyMcMorris,400659,f
McNerney,Jerry,rep,CA,Democrat,RepMcNerney,412189,f
Meehan,Patrick,rep,PA,Republican,RepMeehan,412466,f
Meeks,Gregory,rep,NY,Democrat,GregoryMeeks,400271,a
Mica,John,rep,FL,Republican,,400273,a
Mikulski,Barbara,sen,MD,Democrat,SenatorBarb,300073,f
Miller,Candice,rep,MI,Republican,CandiceMiller,400276,a
Miller,Jeff,rep,FL,Republican,,400279,f
Moore,Gwen,rep,WI,Democrat,RepGwenMoore,400661,a
Moran,Jerry,sen,KS,Republican,JerryMoran,400284,f
Mulvaney,Mick,rep,SC,Republican,RepMickMulvaney,412474,f
Murkowski,Lisa,sen,AK,Republican,LisaMurkowski,300075,f
Murphy,Christopher,sen,CT,Democrat,ChrisMurphyCT,412194,f
Murphy,Tim,rep,PA,Republican,RepTimMurphy,400285,f
Murray,Patty,sen,WA,Democrat,PattyMurray,300076,f
Nadler,Jerrold,rep,NY,Democrat,RepJerryNadler,400289,f
Napolitano,Grace,rep,CA,Democrat,GraceNapolitano,400290,f
Neal,Richard,rep,MA,Democrat,RepRichardNeal,400291,f
Neugebauer,Randy,rep,TX,Republican,RandyNeugebauer,400441,a
Noem,Kristi,rep,SD,Republican,RepKristiNoem,412475,a
Norton,Eleanor,rep,DC,Democrat,EleanorNorton,400295,a
Nugent,Richard,rep,FL,Republican,RepRichNugent,412409,a
Nunes,Devin,rep,CA,Republican,Rep_DevinNunes,400297,a
Olson,Pete,rep,TX,Republican,OlsonPressShop,412302,a
Palazzo,Steven,rep,MS,Republican,CongPalazzo,412443,f
Pallone,Frank,rep,NJ,Democrat,FrankPallone,400308,f
Pascrell,Bill,rep,NJ,Democrat,BillPascrell,400309,f
Paul,Rand,sen,KY,Republican,SenRandPaul,412492,f
Paulsen,Erik,rep,MN,Republican,RepErikPaulsen,412303,f
Pearce,Stevan,rep,NM,Republican,RepStevePearce,400313,f
Pelosi,Nancy,rep,CA,Democrat,NancyPelosi,400314,a
Perlmutter,Ed,rep,CO,Democrat,RepPerlmutter,412192,a
Peters,Gary,sen,MI,Democrat,SenGaryPeters,412305,a
Peterson,Collin,rep,MN,Democrat,,400316,a
Pierluisi,Pedro,rep,PR,Democrat,PedroPierluisi,412306,a
Pingree,Chellie,rep,ME,Democrat,ChelliePingree,412307,a
Pitts,Joseph,rep,PA,Republican,RepJoePitts,400320,f
Poe,Ted,rep,TX,Republican,JudgeTedPoe,400652,a
Polis,Jared,rep,CO,Democrat,JaredPolis,412308,f
Pompeo,Mike,rep,KS,Republican,RepMikePompeo,412431,a
Portman,Robert,sen,OH,Republican,SenRobPortman,400325,f
Posey,Bill,rep,FL,Republican,CongBillPosey,412309,a
Price,David,rep,NC,Democrat,RepDavidEPrice,400326,a
Price,Tom,rep,GA,Republican,RepTomPrice,400626,a
Quigley,Mike,rep,IL,Democrat,RepMikeQuigley,412331,f
Rangel,Charles,rep,NY,Democrat,CBRangel,400333,f
Reed,Tom,rep,NY,Republican,RepTomReed,412393,f
Reichert,David,rep,WA,Republican,DaveReichert,400660,f
Reid,Harry,sen,NV,Democrat,SenatorReid,300082,f
Renacci,James,rep,OH,Republican,RepJimRenacci,412462,a
Ribble,Reid,rep,WI,Republican,RepRibble,412489,a
Richmond,Cedric,rep,LA,Democrat,RepRichmond,412432,f
Rigell,Edward,rep,VA,Republican,RepScottRigell,412483,a
Roby,Martha,rep,AL,Republican,RepMarthaRoby,412394,f
Roe,David,rep,TN,Republican,DrPhilRoe,412310,a
Rogers,Harold,rep,KY,Republican,RepHalRogers,400340,f
Rogers,Mike,rep,AL,Republican,RepMikeRogersAL,400341,f
Rohrabacher,Dana,rep,CA,Republican,,400343,f
Rokita,Todd,rep,IN,Republican,ToddRokita,412426,f
Rooney,Thomas,rep,FL,Republican,TomRooney,412311,f
Ros-Lehtinen,Ileana,rep,FL,Republican,RosLehtinen,400344,f
Roskam,Peter,rep,IL,Republican,PeterRoskam,412202,f
Ross,Dennis,rep,FL,Republican,RepDennisRoss,412411,f
Roybal-Allard,Lucille,rep,CA,Democrat,RepRoybalAllard,400347,f
Royce,Edward,rep,CA,Republican,RepEdRoyce,400348,a
Rubio,Marco,sen,FL,Republican,SenRubioPress,412491,a
Ruppersberger,C.,rep,MD,Democrat,Call_Me_Dutch,400349,a
Rush,Bobby,rep,IL,Democrat,RepBobbyRush,400350,a
Ryan,Paul,rep,WI,Republican,RepPaulRyan,400351,a
Ryan,Tim,rep,OH,Democrat,RepTimRyan,400352,a
Sablan,Gregorio,rep,MP,Independent,,412312,f
Sanchez,Loretta,rep,CA,Democrat,LorettaSanchez,400356,f
Sarbanes,John,rep,MD,Democrat,RepSarbanes,412212,f
Scalise,Steve,rep,LA,Republican,SteveScalise,412261,f
Schakowsky,Janice,rep,IL,Democrat,JanSchakowsky,400360,f
Schiff,Adam,rep,CA,Democrat,RepAdamSchiff,400361,f
Schrader,Kurt,rep,OR,Democrat,RepSchrader,412315,a
Schumer,Charles,sen,NY,Democrat,SenSchumer,300087,a
Schweikert,David,rep,AZ,Republican,RepDavid,412399,a
Scott,Austin,rep,GA,Republican,AustinScottGA08,412417,a
Scott,David,rep,GA,Democrat,RepDavidScott,400363,a
Scott,Robert,rep,VA,Democrat,RepBobbyScott,400364,a
Scott,Tim,sen,SC,Republican,SenatorTimScott,412471,f
Sensenbrenner,F.,rep,WI,Republican,JimPressOffice,400365,a
Serrano,José,rep,NY,Democrat,RepJoseSerrano,400366,f
Sessions,Pete,rep,TX,Republican,PeteSessions,400367,a
Sewell,Terri,rep,AL,Democrat,RepTerriSewell,412396,f
Shelby,Richard,sen,AL,Republican,SenShelby,300089,a
Sherman,Brad,rep,CA,Democrat,BradSherman,400371,a
Shimkus,John,rep,IL,Republican,RepShimkus,400373,a
Shuster,Bill,rep,PA,Republican,RepBillShuster,409888,f
Simpson,Michael,rep,ID,Republican,CongMikeSimpson,400376,f
Sires,Albio,rep,NJ,Democrat,Rep_Albio_Sires,412186,f
Slaughter,Louise,rep,NY,Democrat,LouiseSlaughter,400378,f
Smith,Adam,rep,WA,Democrat,RepAdamSmith,400379,f
Smith,Adrian,rep,NE,Republican,RepAdrianSmith,412217,a
Smith,Christopher,rep,NJ,Republican,RepChrisSmith,400380,a
Smith,Lamar,rep,TX,Republican,LamarSmithTX21,400381,f
Speier,Jackie,rep,CA,Democrat,RepSpeier,412259,a
Stivers,Steve,rep,OH,Republican,RepSteveStivers,412461,f
Stutzman,Marlin,rep,IN,Republican,RepStutzman,412392,a
Sánchez,Linda,rep,CA,Democrat,RepLindaSanchez,400355,f
Thompson,Bennie,rep,MS,Democrat,BennieGThompson,400402,f
Thompson,Mike,rep,CA,Democrat,RepThompson,400403,f
Thompson,Glenn,rep,PA,Republican,CongressmanGT,412317,f
Thornberry,Mac,rep,TX,Republican,MacTXPress,400404,f
Thune,John,sen,SD,Republican,SenJohnThune,400546,f
Tiberi,Patrick,rep,OH,Republican,TiberiPress,400406,f
Tipton,Scott,rep,CO,Republican,RepTipton,412405,f
Tonko,Paul,rep,NY,Democrat,RepPaulTonko,412319,f
Toomey,Patrick,sen,PA,Republican,SenToomey,400408,a
Tsongas,Niki,rep,MA,Democrat,NikiInTheHouse,412254,a
Turner,Michael,rep,OH,Republican,RepMikeTurner,400411,a
Upton,Fred,rep,MI,Republican,RepFredUpton,400414,a
Van Hollen,Chris,rep,MD,Democrat,ChrisVanHollen,400415,a
Velázquez,Nydia,rep,NY,Democrat,NydiaVelazquez,400416,a
Visclosky,Peter,rep,IN,Democrat,RepVisclosky,400417,f
Vitter,David,sen,LA,Republican,,400418,f
Walberg,Tim,rep,MI,Republican,RepWalberg,412213,f
Walden,Greg,rep,OR,Republican,RepGregWalden,400419,f
Walz,Timothy,rep,MN,Democrat,RepTimWalz,412214,f
Wasserman Schultz,Debbie,rep,FL,Democrat,RepDWStweets,400623,f
Waters,Maxine,rep,CA,Democrat,MaxineWaters,400422,a
Webster,Daniel,rep,FL,Republican,RepWebster,412410,a
Welch,Peter,rep,VT,Democrat,PeterWelch,412239,a
Westmoreland,Lynn,rep,GA,Republican,RepWestmoreland,400627,a
Whitfield,Ed,rep,KY,Republican,RepEdWhitfield,400431,a
Wilson,Joe,rep,SC,Republican,RepJoeWilson,400433,a
Wilson,Frederica,rep,FL,Democrat,RepWilson,412412,f
Wittman,Robert,rep,VA,Republican,RobWittman,412255,a
Womack,Steve,rep,AR,Republican,Rep_SteveWomack,412402,f
Woodall,Rob,rep,GA,Republican,,412416,a
Wyden,Ron,sen,OR,Democrat,RonWyden,300100,f
Yarmuth,John,rep,KY,Democrat,RepJohnYarmuth,412211,a
Yoder,Kevin,rep,KS,Republican,RepKevinYoder,412430,a
Young,Don,rep,AK,Republican,RepDonYoung,400440,a
Young,Todd,rep,IN,Republican,RepToddYoung,412428,f
Heller,Dean,sen,NV,Republican,SenDeanHeller,412218,f
Hahn,Janice,rep,CA,Democrat,Rep_JaniceHahn,412498,f
Amodei,Mark,rep,NV,Republican,MarkAmodeiNV2,412500,f
Bonamici,Suzanne,rep,OR,Democrat,RepBonamici,412501,f
DelBene,Suzan,rep,WA,Democrat,RepDelBene,412505,a
Massie,Thomas,rep,KY,Republican,RepThomasMassie,412503,a
Payne,Donald,rep,NJ,Democrat,RepDonaldPayne,412506,f
Schatz,Brian,sen,HI,Democrat,SenBrianSchatz,412507,a
Salmon,Matt,rep,AZ,Republican,RepMattSalmon,400606,f
Foster,Bill,rep,IL,Democrat,RepBillFoster,412257,a
Grayson,Alan,rep,FL,Democrat,,412276,f
Kirkpatrick,Ann,rep,AZ,Democrat,RepKirkpatrick,412286,f
Titus,Dina,rep,NV,Democrat,RepDinaTitus,412318,f
Cotton,Tom,sen,AR,Republican,SenTomCotton,412508,f
Sinema,Kyrsten,rep,AZ,Democrat,RepSinema,412509,f
LaMalfa,Doug,rep,CA,Republican,RepLaMalfa,412510,f
Huffman,Jared,rep,CA,Democrat,RepHuffman,412511,f
Bera,Ami,rep,CA,Democrat,RepBera,412512,f
Cook,Paul,rep,CA,Republican,RepPaulCook,412513,f
Swalwell,Eric,rep,CA,Democrat,RepSwalwell,412514,a
Valadao,David,rep,CA,Republican,RepDavidValadao,412515,a
Brownley,Julia,rep,CA,Democrat,JuliaBrownley26,412516,a
Cárdenas,Tony,rep,CA,Democrat,RepCardenas,412517,a
Ruiz,Raul,rep,CA,Democrat,CongressmanRuiz,412519,a
Takano,Mark,rep,CA,Democrat,RepMarkTakano,412520,a
Lowenthal,Alan,rep,CA,Democrat,RepLowenthal,412521,f
Vargas,Juan,rep,CA,Democrat,RepJuanVargas,412522,f
Peters,Scott,rep,CA,Democrat,RepScottPeters,412523,f
Esty,Elizabeth,rep,CT,Democrat,RepEsty,412524,f
Yoho,Ted,rep,FL,Republican,RepTedYoho,412525,f
DeSantis,Ron,rep,FL,Republican,RepDeSantis,412526,f
Murphy,Patrick,rep,FL,Democrat,RepMurphyFL,412527,a
Frankel,Lois,rep,FL,Democrat,RepLoisFrankel,412529,a
Collins,Doug,rep,GA,Republican,RepDougCollins,412531,a
Gabbard,Tulsi,rep,HI,Democrat,TulsiPress,412532,a
Duckworth,Tammy,rep,IL,Democrat,RepDuckworth,412533,a
Davis,Rodney,rep,IL,Republican,RodneyDavis,412536,a
Bustos,Cheri,rep,IL,Democrat,RepCheri,412537,f
Walorski,Jackie,rep,IN,Republican,RepWalorski,412538,a
Brooks,Susan,rep,IN,Republican,SusanWBrooks,412539,f
Messer,Luke,rep,IN,Republican,RepLukeMesser,412540,a
Barr,Garland,rep,KY,Republican,RepAndyBarr,412541,f
Warren,Elizabeth,sen,MA,Democrat,SenWarren,412542,a
Kennedy,Joseph,rep,MA,Democrat,RepJoeKennedy,412543,a
Delaney,John,rep,MD,Democrat,RepJohnDelaney,412544,a
King,Angus,sen,ME,Independent,SenAngusKing,412545,f
Kildee,Daniel,rep,MI,Democrat,RepDanKildee,412546,f
Nolan,Richard,rep,MN,Democrat,USRepRickNolan,408211,f
Wagner,Ann,rep,MO,Republican,RepAnnWagner,412548,f
Daines,Steve,sen,MT,Republican,SteveDaines,412549,f
Hudson,Richard,rep,NC,Republican,RepRichHudson,412550,a
Pittenger,Robert,rep,NC,Republican,RepPittenger,412551,a
Meadows,Mark,rep,NC,Republican,RepMarkMeadows,412552,f
Holding,George,rep,NC,Republican,RepHolding,412553,a
Heitkamp,Heidi,sen,ND,Democrat,SenatorHeitkamp,412554,f
Cramer,Kevin,rep,ND,Republican,RepKevinCramer,412555,a
Fischer,Deb,sen,NE,Republican,SenatorFischer,412556,f
Kuster,Ann,rep,NH,Democrat,RepAnnieKuster,412557,f
Lujan Grisham,Michelle,rep,NM,Democrat,RepLujanGrisham,412558,f
Meng,Grace,rep,NY,Democrat,RepGraceMeng,412560,f
Jeffries,Hakeem,rep,NY,Democrat,RepJeffries,412561,f
Maloney,Sean,rep,NY,Democrat,RepSeanMaloney,412562,f
Collins,Chris,rep,NY,Republican,RepChrisCollins,412563,f
Wenstrup,Brad,rep,OH,Republican,RepBradWenstrup,412564,f
Beatty,Joyce,rep,OH,Democrat,RepBeatty,412565,f
Joyce,David,rep,OH,Republican,RepDaveJoyce,412566,a
Bridenstine,Jim,rep,OK,Republican,RepJBridenstine,412567,a
Mullin,Markwayne,rep,OK,Republican,RepMullin,412568,a
Perry,Scott,rep,PA,Republican,RepScottPerry,412569,a
Rothfus,Keith,rep,PA,Republican,KeithRothfus,412570,a
Cartwright,Matthew,rep,PA,Democrat,RepCartwright,412571,a
Rice,Tom,rep,SC,Republican,RepTomRice,412572,f
Cruz,Ted,sen,TX,Republican,SenTedCruz,412573,f
Weber,Randy,rep,TX,Republican,TXRandy14,412574,f
O'Rourke,Beto,rep,TX,Democrat,RepBetoORourke,412575,f
Castro,Joaquin,rep,TX,Democrat,JoaquinCastrotx,412576,f
Williams,Roger,rep,TX,Republican,RepRWilliams,412578,f
Veasey,Marc,rep,TX,Democrat,RepVeasey,412579,a
Vela,Filemon,rep,TX,Democrat,RepFilemonVela,412580,a
Stewart,Chris,rep,UT,Republican,RepChrisStewart,412581,a
Kaine,Timothy,sen,VA,Democrat,SenKaineOffice,412582,a
Kilmer,Derek,rep,WA,Democrat,RepDerekKilmer,412583,a
Heck,Denny,rep,WA,Democrat,RepDennyHeck,412584,a
Pocan,Mark,rep,WI,Democrat,RepMarkPocan,412585,f
Kelly,Robin,rep,IL,Democrat,RepRobinKelly,412595,a
Sanford,Marshall,rep,SC,Republican,RepSanfordSC,400607,f
Smith,Jason,rep,MO,Republican,RepJasonSmith,412596,a
Booker,Cory,sen,NJ,Democrat,SenBookerOfc,412598,f
Clark,Katherine,rep,MA,Democrat,RepKClark,412600,a
Byrne,Bradley,rep,AL,Republican,RepByrne,412601,a
Jolly,David,rep,FL,Republican,USRepDavidJolly,412603,a
Clawson,Curtis,rep,FL,Republican,RepCurtClawson,412604,f
Brat,David,rep,VA,Republican,,412605,f
Norcross,Donald,rep,NJ,Democrat,,412606,f
Adams,Alma,rep,NC,Democrat,RepAdams,412607,f
Dold,Bob,rep,IL,Republican,,412420,f
Guinta,Frank,rep,NH,Republican,RepFrankGuinta,412447,a
Palmer,Gary,rep,AL,Republican,USRepGaryPalmer,412608,a
Hill,French,rep,AR,Republican,RepFrenchHill,412609,f
Westerman,Bruce,rep,AR,Republican,RepWesterman,412610,a
McSally,Martha,rep,AZ,Republican,RepMcSally,412611,f
Gallego,Ruben,rep,AZ,Democrat,RepRubenGallego,412612,a
DeSaulnier,Mark,rep,CA,Democrat,RepDeSaulnier,412613,f
Knight,Steve,rep,CA,Republican,SteveKnight25,412614,f
Aguilar,Pete,rep,CA,Democrat,reppeteaguilar,412615,f
Lieu,Ted,rep,CA,Democrat,RepTedLieu,412616,f
Torres,Norma,rep,CA,Democrat,NormaJTorres,412617,f
Walters,Mimi,rep,CA,Republican,RepMimiWalters,412618,f
Buck,Ken,rep,CO,Republican,RepKenBuck,412619,f
Graham,Gwen,rep,FL,Democrat,RepGwenGraham,412620,f
Curbelo,Carlos,rep,FL,Republican,RepCurbelo,412621,f
Carter,Buddy,rep,GA,Republican,RepBuddyCarter,412622,a
Hice,Jody,rep,GA,Republican,congressmanhice,412623,a
Loudermilk,Barry,rep,GA,Republican,RepLoudermilk,412624,a
Allen,Rick,rep,GA,Republican,reprickallen,412625,a
Takai,Mark,rep,HI,Democrat,RepMarkTakai,412626,a
Blum,Rod,rep,IA,Republican,RepRodBlum,412627,a
Young,David,rep,IA,Republican,RepDavidYoung,412628,f
Bost,Mike,rep,IL,Republican,RepBost,412629,f
Abraham,Ralph,rep,LA,Republican,RepAbraham,412630,f
Graves,Garret,rep,LA,Republican,RepGarretGraves,412631,f
Moulton,Seth,rep,MA,Democrat,,412632,f
Poliquin,Bruce,rep,ME,Republican,RepPoliquin,412633,f
Moolenaar,John,rep,MI,Republican,RepMoolenaar,412634,a
Bishop,Mike,rep,MI,Republican,RepMikeBishop,412635,a
Trott,Dave,rep,MI,Republican,repdavetrott,412636,a
Dingell,Debbie,rep,MI,Democrat,RepDebDingell,412637,a
Lawrence,Brenda,rep,MI,Democrat,,412638,a
Emmer,Tom,rep,MN,Republican,RepTomEmmer,412639,a
Zinke,Ryan,rep,MT,Republican,RepRyanZinke,412640,f
Rouzer,David,rep,NC,Republican,RepDavidRouzer,412641,a
Ashford,Brad,rep,NE,Democrat,RepBradAshford,412642,f
MacArthur,Tom,rep,NJ,Republican,RepTomMacArthur,412643,a
Watson Coleman,Bonnie,rep,NJ,Democrat,RepBWColeman,412644,f
Hardy,Cresent,rep,NV,Republican,RepHardy,412645,a
Zeldin,Lee,rep,NY,Republican,RepLeeZeldin,412646,a
Rice,Kathleen,rep,NY,Democrat,RepKathleenRice,412647,a
Stefanik,Elise,rep,NY,Republican,RepStefanik,412648,f
Katko,John,rep,NY,Republican,RepJohnKatko,412649,f
Russell,Steve,rep,OK,Republican,USRepRussell,412650,f
Costello,Ryan,rep,PA,Republican,RepRyanCostello,412651,f
Boyle,Brendan,rep,PA,Democrat,RepBrendanBoyle,412652,f
Ratcliffe,John,rep,TX,Republican,RepRatcliffe,412653,a
Hurd,Will,rep,TX,Republican,hurdonthehill,412654,a
Babin,Brian,rep,TX,Republican,RepBrianBabin,412655,f
Love,Mia,rep,UT,Republican,repmialove,412656,a
Beyer,Donald,rep,VA,Democrat,,412657,f
Comstock,Barbara,rep,VA,Republican,RepComstock,412658,a
Plaskett,Stacey,rep,VI,Democrat,staceyplaskett,412659,f
Newhouse,Dan,rep,WA,Republican,RepNewhouse,412660,f
Grothman,Glenn,rep,WI,Republican,,412661,f
Mooney,Alex,rep,WV,Republican,RepAlexMooney,412662,f
Jenkins,Evan,rep,WV,Republican,RepEvanJenkins,412663,f
Amata,Aumua,rep,AS,Republican,,412664,f
Sullivan,Dan,sen,AK,Republican,SenDanSullivan,412665,f
Perdue,David,sen,GA,Republican,sendavidperdue,412666,f
Ernst,Joni,sen,IA,Republican,SenJoniErnst,412667,f
Tillis,Thom,sen,NC,Republican,senthomtillis,412668,a
Rounds,Mike,sen,SD,Republican,SenatorRounds,412669,a
Walker,Bradley,rep,NC,Republican,,412670,a
Sasse,Benjamin,sen,NE,Republican,SenSasse,412671,a
